"original_title","overview","popularity","release_date","vote_average","vote_count","budget","keywords","production_companies"
"Harry Potter and the Deathly Hallows: Part 1","Harry, Ron and Hermione walk away from their last year at Hogwarts to find and destroy the remaining Horcruxes, putting an end to Voldemort's bid for immortality. But with Harry's beloved Dumbledore dead and Voldemort's unscrupulous Death Eaters on the loose, the world is more dangerous than ever.","149,723","10/6/2010","7.8","17564","","",""
"Insidious","A family discovers that dark spirits have invaded their home after their son inexplicably falls into an endless sleep. When they reach out to a professional for help, they learn things are a lot more personal than they thought.","139,508","9/13/2010","6.9","6174","","",""
"Tangled","When the kingdom's most wanted-and most charming-bandit Flynn Rider hides out in a mysterious tower, he's taken hostage by Rapunzel, a beautiful and feisty tower-bound teen with 70 feet of magical, golden hair. Flynn's curious captor, who's looking for her ticket out of the tower where she's been locked away for years, strikes a deal with the handsome thief and the unlikely duo sets off on an action-packed escapade, complete with a super-cop horse, an over-protective chameleon and a gruff gang of pub thugs.","104,529","11/24/2010","7.6","10397","","",""
"Iron Man 2","With the world now aware of his dual life as the armored superhero Iron Man, billionaire inventor Tony Stark faces pressure from the government, the press and the public to share his technology with the military. Unwilling to let go of his invention, Stark, with Pepper Potts and James 'Rhodey' Rhodes at his side, must forge new alliances â€“ and confront powerful enemies.","106,428","4/28/2010","6.8","19542","","",""
"Inception","Cobb, a skilled thief who commits corporate espionage by infiltrating the subconscious of his targets is offered a chance to regain his old life as payment for a task considered to be impossible: ""inception"", the implantation of another person's idea into a target's subconscious.","102,963","7/15/2010","8.4","34102","","",""
"Toy Story 3","Woody, Buzz, and the rest of Andy's toys haven't been played with in years. With Andy about to go to college, the gang find themselves accidentally left at a nefarious day care center. The toys must band together to escape and return home to Andy.","77,287","6/16/2010","7.8","13616","","",""
"Grown Ups","After their high school basketball coach passes away, five good friends and former teammates reunite for a Fourth of July holiday weekend.","73,996","6/24/2010","6.4","5485","","",""
"Shrek Forever After","A bored and domesticated Shrek pacts with deal-maker Rumpelstiltskin to get back to feeling like a real ogre again, but when he's duped and sent to a twisted version of Far Far Awayâ€”where Rumpelstiltskin is king, ogres are hunted, and he and Fiona have never metâ€”he sets out to restore his world and reclaim his true love.","76,889","5/16/2010","6.3","6648","","",""
"Percy Jackson & the Olympians: The Lightning Thief","Accident prone teenager, Percy discovers he's actually a demi-God, the son of Poseidon, and he is needed when Zeus' lightning is stolen. Percy must master his new found skills in order to prevent a war between the Gods that could devastate the entire world.","71,264","2/1/2010","6.2","6883","","",""
"Undisputed III: Redemption","Russian inmate Boyka, now severely hobbled by the knee injury suffered at the end of Undisputed 2. No longer the feared prison fighter he was, he has declined so far that he is now good only for cleaning toilets. But when a new prison fight tournament begins - an international affair, matching the best fighters from prisons around the globe, enticing them with the promise of freedom for the winner - Boyka must reclaim his dignity and fight for his position in the tournament.","64,479","5/22/2010","7.5","776","","",""
"Three Steps Above Heaven","Story of two young people who belong to different worlds. It is the chronicle of a love improbable, almost impossible but inevitable dragging in a frantic journey they discover the first great love. Babi is a girl from upper-middle class that is educated in goodness and innocence . Hache is a rebellious boy, impulsive, unconscious, has a appetite for risk and danger embodied in endless fights and illegal motorbike races, the limit of common sense","67,456","12/3/2010","7.8","2761","","",""
"The Twilight Saga: Eclipse","Bella once again finds herself surrounded by danger as Seattle is ravaged by a string of mysterious killings and a malicious vampire continues her quest for revenge. In the midst of it all, she is forced to choose between her love for Edward and her friendship with Jacob, knowing that her decision has the potential to ignite the ageless struggle between vampire and werewolf. With her graduation quickly approaching, Bella is confronted with the most important decision of her life.","71,437","6/23/2010","6.2","8148","","",""
"Barbie: A Fashion Fairytale","Join Barbie in a colourful, modern-day fairytale filled with fashion, friends and fun! Barbie and her dog Sequin jet off to visit her Aunt's amazing fashion house in Paris, and much to her surprise it's about to be shut down forever. After she discovers three enchanting Flairies with sparkle-magic powers, Barbie comes up with a brilliant idea to save the business. She even inspires Alice, a shy fashion designer, and together they create a dazzling runway fashion show. Barbie shows that magic happens when you believe in yourself.","59,128","9/14/2010","7.2","687","","",""
"Despicable Me","Villainous Gru lives up to his reputation as a despicable, deplorable and downright unlikable guy when he hatches a plan to steal the moon from the sky. But he has a tough time staying on task after three orphans land in his care.","63,999","7/8/2010","7.2","14028","","",""
"Alice in Wonderland","Alice, now 19 years old, returns to the whimsical world she first entered as a child and embarks on a journey to discover her true destiny.","64.2","3/3/2010","6.6","13013","","",""
"How to Train Your Dragon","As the son of a Viking leader on the cusp of manhood, shy Hiccup Horrendous Haddock III faces a rite of passage: he must kill a dragon to prove his warrior mettle. But after downing a feared dragon, he realizes that he no longer wants to destroy it, and instead befriends the beast â€“ which he names Toothless â€“ much to the chagrin of his warrior father.","56,787","3/18/2010","7.8","11933","","",""
"Barbie in A Mermaid Tale","Barbie stars as Merliah, a surfer who learns a shocking secret: she's a mermaid! She and her dolphin friend set out for an undersea adventure to rescue her mother, the queen of Oceana.","56.09","1/25/2010","7.2","674","","",""
"The Karate Kid","Twelve-year-old Dre Parker could have been the most popular kid in Detroit, but his mother's latest career move has landed him in China. Dre immediately falls for his classmate Mei Ying but the cultural differences make such a friendship impossible. Even worse, Dre's feelings make him an enemy of the class bully, Cheng. With no friends in a strange land, Dre has nowhere to turn but maintenance man Mr. Han, who is a kung fu master. As Han teaches Dre that kung fu is not about punches and parries, but maturity and calm, Dre realizes that facing down the bullies will be the fight of his life.","51,223","6/10/2010","6.5","5477","","",""
"Shutter Island","World War II soldier-turned-U.S. Marshal Teddy Daniels investigates the disappearance of a patient from a hospital for the criminally insane, but his efforts are compromised by troubling visions and a mysterious doctor.","59,389","2/14/2010","8.2","22000","","",""
"Predators","A group of cold-blooded killers find themselves trapped on an alien planet to be hunted by extraterrestrial Predators.","48,754","7/3/2010","6.2","3666","","",""
"Harry Potter and the Deathly Hallows: Part 2","Harry, Ron and Hermione continue their quest to vanquish the evil Voldemort once and for all. Just as things begin to look hopeless for the young wizards, Harry discovers a trio of magical objects that endow him with powers to rival Voldemort's formidable skills.","157,112","7/7/2011","8.1","18954","","",""
"Hawaiian Vacation","The toys throw Ken and Barbie a Hawaiian vacation in Bonnie's room.","124,963","6/16/2011","7","597","","",""
"Pirates of the Caribbean: On Stranger Tides","Captain Jack Sparrow crosses paths with a woman from his past, and he's not sure if it's love -- or if she's a ruthless con artist who's using him to find the fabled Fountain of Youth. When she forces him aboard the Queen Anne's Revenge, the ship of the formidable pirate Blackbeard, Jack finds himself on an unexpected adventure in which he doesn't know who to fear more: Blackbeard or the woman from his past.","109,483","5/15/2011","6.5","12970","","",""
"Real Steel","Charlie Kenton is a washed-up fighter who retired from the ring when robots took over the sport. After his robot is trashed, he reluctantly teams up with his estranged son to rebuild and train an unlikely contender.","98.93","9/28/2011","7","7465","","",""
"Mission: Impossible - Ghost Protocol","Ethan Hunt and his team are racing against time to track down a dangerous terrorist named Hendricks, who has gained access to Russian nuclear launch codes and is planning a strike on the United States. An attempt to stop him ends in an explosion causing severe destruction to the Kremlin and the IMF to be implicated in the bombing, forcing the President to disavow them. No longer being aided by the government, Ethan and his team chase Hendricks around the globe, although they might still be too late to stop a disaster.","77.96","12/7/2011","7.1","9068","","",""
"Cars 2","Star race car Lightning McQueen and his pal Mater head overseas to compete in the World Grand Prix race. But the road to the championship becomes rocky as Mater gets caught up in an intriguing adventure of his own: international espionage.","70,197","6/11/2011","6.1","7013","","",""
"The Legend of La Llorona","Based on a famous Mexican legend, a group of kids must stop the ghost of a woman whose guilt over the drowning of her own children leads her to abduct youngsters who wander the woods at night.","70,876","10/21/2011","7.8","217","","",""
"Big Mommas: Like Father, Like Son","FBI agent Malcolm Turner and his 17-year-old son, Trent, go undercover at an all-girls performing arts school after Trent witnesses a murder. Posing as Big Momma and Charmaine, they must find the murderer before he finds them.","80,116","2/16/2011","5.5","1120","","",""
"Barbie: Princess Charm School","Barbie stars as Blair Willows, a kind-hearted girl who is chosen to attend Princess Charm School: a magical, modern place that teaches dancing, how to have tea parties, and proper princess manners. Blair loves her classes -- as well as the helpful magical sprites and her new friends, Princesses Hadley and Isla. But when royal teacher Dame Devin discovers that Blair looks a lot like the kingdomâ€™s missing princess, she turns Blairâ€™s world upside down to stop her from claiming the throne. Now Blair, Hadley and Delancy must find an enchanted crown to prove Blairâ€™s true identity in this charming and magical princess story!","74,959","8/11/2011","7.4","695","","",""
"Thor","Against his father Odin's will, The Mighty Thor - a powerful but arrogant warrior god - recklessly reignites an ancient war. Thor is cast down to Earth and forced to live among humans as punishment. Once here, Thor learns what it takes to be a true hero when the most dangerous villain of his world sends the darkest forces of Asgard to invade Earth.","77,203","4/21/2011","6.8","19839","","",""
"Crazy, Stupid, Love.","Cal Weaver is living the American dream. He has a good job, a beautiful house, great children and a beautiful wife, named Emily. Cal's seemingly perfect life unravels, however, when he learns that Emily has been unfaithful and wants a divorce. Over 40 and suddenly single, Cal is adrift in the fickle world of dating. Enter, Jacob Palmer, a self-styled player who takes Cal under his wing and teaches him how to be a hit with the ladies.","62,633","7/29/2011","7.3","7631","","",""
"In Time","In the not-too-distant future the aging gene has been switched off. To avoid overpopulation, time has become the currency and the way people pay for luxuries and necessities. The rich can live forever, while the rest try to negotiate for their immortality. A poor young man who comes into a fortune of time, though too late to help his mother from dying. He ends up on the run from a corrupt police force known as 'time keepers'.","64,483","10/27/2011","7","10406","","",""
"Rain Town","In this town, since who knows when, rain has never stopped. Residents moved out to suburbs and high ground around. Peopleâ€™s memories are now deeply submerged. But into this forgotten rainy town sometimes, someone wanders.","68,083","3/2/2011","6.7","27","","",""
"Wrong Turn 4: Bloody Beginnings","A group of friends take refuge in a deserted sanatorium after they are left stranded in a snowstorm. Later, the place becomes a death trap when man-eating cannibals surround them.","62,357","10/17/2011","5.7","959","","",""
"The Twilight Saga: Breaking Dawn - Part 1","The new found married bliss of Bella Swan and vampire Edward Cullen is cut short when a series of betrayals and misfortunes threatens to destroy their world.","67,757","11/16/2011","6.2","8155","","",""
"Puss in Boots","Long before he even met Shrek, the notorious fighter, lover and outlaw Puss in Boots becomes a hero when he sets off on an adventure with the tough and street smart Kitty Softpaws and the mastermind Humpty Dumpty to save his town. This is the true story of The Cat, The Myth, The Legend... The Boots.","60,379","10/27/2011","6.5","3459","","",""
"3-D Sex and Zen: Extreme Ecstasy","Loosely based on a 17th century erotic Chinese story named The Carnal Prayer Mat, the story follows a young scholar named Yangsheng who gets married to the beautiful daughter of a local merchant. When their sex life proves unsatisfactory, Yangsheng leaves home and journeys to the Pavilion of Ultimate Bliss.","65,881","4/14/2011","5","99","","",""
"Desire","In a social context deteriorated by a countrywide economic crisis, the life of several people will be turned upside down after they meet CÃ©cile, a character who symbolizes desire.","57,225","10/6/2011","6.1","720","","",""
"The Intouchables","A true story of two men who should never have met â€“ a quadriplegic aristocrat who was injured in a paragliding accident and a young man from the projects.","47,492","11/2/2011","8.3","15899","","",""
"The Help","Aibileen Clark is a middle-aged African-American maid who has spent her life raising white children and has recently lost her only son"," Minny Jackson is an African-American maid who has often offended her employers despite her family's struggles with money and her desperate need for jobs"," and Eugenia ""Skeeter"" Phelan is a young white woman who has recently moved back home after graduating college to find out her childhood maid has mysteriously disappeared. These three stories intertwine to explain how life in Jackson, Mississippi revolves around ""the help"""," yet they are always kept at a certain distance because of racial lines.","56,869","8/9/2011","8.2","7410"
"The Lorax","A 12-year-old boy searches for the one thing that will enable him to win the affection of the girl of his dreams. To find it he must discover the story of the Lorax, the grumpy yet charming creature who fights to protect his world.","262,412","3/1/2012","6.5","3122","","",""
"Big Top Scooby-Doo!","When Scooby and the gang hear of a werewolf plaguing a traveling circus, they go undercover as circus performers to get to the bottom.","172,955","10/22/2012","7.9","176","","",""
"The Avengers","When an unexpected enemy emerges and threatens global safety and security, Nick Fury, director of the international peacekeeping agency known as S.H.I.E.L.D., finds himself in need of a team to pull the world back from the brink of disaster. Spanning the globe, a daring recruitment effort begins!","117,609","4/25/2012","7.7","28905","","",""
"The Amazing Spider-Man","Peter Parker is an outcast high schooler abandoned by his parents as a boy, leaving him to be raised by his Uncle Ben and Aunt May. Like most teenagers, Peter is trying to figure out who he is and how he got to be the person he is today. As Peter discovers a mysterious briefcase that belonged to his father, he begins a quest to understand his parents' disappearance â€“ leading him directly to Oscorp and the lab of Dr. Curt Connors, his father's former partner. As Spider-Man is set on a collision course with Connors' alter ego, The Lizard, Peter will make life-altering choices to use his powers and shape his destiny to become a hero.","91,175","6/23/2012","6.7","16187","","",""
"The Dark Knight Rises","Following the death of District Attorney Harvey Dent, Batman assumes responsibility for Dent's crimes to protect the late attorney's reputation and is subsequently hunted by the Gotham City Police Department. Eight years later, Batman encounters the mysterious Selina Kyle and the villainous Bane, a new terrorist leader who overwhelms Gotham's finest. The Dark Knight resurfaces to protect a city that has branded him an enemy.","90.13","7/16/2012","7.8","21069","","",""
"Project X","Three high school seniors throw a party to make a name for themselves. As the night progresses, things spiral out of control as word of the party spreads.","117,658","3/1/2012","6.8","5746","","",""
"Sexual Chronicles of a French Family","Three generations of a French family open up about their sexual experiences and desires after young Romain is caught masturbating in his biology class.","115,325","5/9/2012","5","247","","",""
"Celebrity Sex Tape","A group of college nerds secretly record a washed up celebrity having sex and post the tape on the internet. When the publicity revives the actress's career, every B-list celebrity, reality show reject, and celebutante in Hollywood want to star in the guys next ""production.""","91,494","2/2/2012","4.5","61","","",""
"Brave","Brave is set in the mystical Scottish Highlands, where MÃ©rida is the princess of a kingdom ruled by King Fergus and Queen Elinor. An unruly daughter and an accomplished archer, MÃ©rida one day defies a sacred custom of the land and inadvertently brings turmoil to the kingdom. In an attempt to set things right, MÃ©rida seeks out an eccentric old Wise Woman and is granted an ill-fated wish. Also figuring into MÃ©ridaâ€™s quest â€” and serving as comic relief â€” are the kingdomâ€™s three lords: the enormous Lord MacGuffin, the surly Lord Macintosh, and the disagreeable Lord Dingwall.","70,404","6/21/2012","7","12459","","",""
"Partysaurus Rex","When Rex finds himself left behind in the bathroom, he puts his limbs to use by getting a bath going for a bunch of new toy friends.","67,869","9/14/2012","7.2","427","","",""
"I Want You","The sexy Gin is the new love of Hache, but this can not forget his former girlfriend, so the love triangle is inevitable.","54.63","6/22/2012","7.4","1709","","",""
"The Twilight Saga: Breaking Dawn - Part 2","After the birth of Renesmee, the Cullens gather other vampire clans in order to protect the child from a false allegation that puts the family in front of the Volturi.","61,919","11/13/2012","6.5","8274","","",""
"The Hobbit: An Unexpected Journey","Bilbo Baggins, a hobbit enjoying his quiet life, is swept into an epic quest by Gandalf the Grey and thirteen dwarves who seek to reclaim their mountain home from Smaug, the dragon.","73,591","11/26/2012","7.3","17189","","",""
"Wreck-It Ralph","Wreck-It Ralph is the 9-foot-tall, 643-pound villain of an arcade video game named Fix-It Felix Jr., in which the game's titular hero fixes buildings that Ralph destroys. Wanting to prove he can be a good guy and not just a villain, Ralph escapes his game and lands in Hero's Duty, a first-person shooter where he helps the game's hero battle against alien invaders. He later enters Sugar Rush, a kart racing game set on tracks made of candies, cookies and other sweets. There, Ralph meets Vanellope von Schweetz who has learned that her game is faced with a dire threat that could affect the entire arcade, and one that Ralph may have inadvertently started.","58,752","11/1/2012","7.3","11415","","",""
"Ice Age: Continental Drift","Manny, Diego, and Sid embark upon another adventure after their continent is set adrift. Using an iceberg as a ship, they encounter sea creatures and battle pirates as they explore a new world.","66,398","6/27/2012","6.4","6954","","",""
"Berserk: The Golden Age Arc II - The Battle for Doldrey","The Band of the Hawk participates in the Midland war campaign. On the bloody battlefield, they conquer decisive victories that lead them to Doldrey, an old fortress that will decide the outcome of the war.","65,802","6/23/2012","7.3","344","","",""
"Berserk: The Golden Age Arc I - The Egg of the King","Guts, an immensely strong sword-for-hire, has little direction in his life, simply fighting one battle after the next. However, this all changes suddenly when he meets and is bested by Griffith, a beautiful and charismatic young man who leads the Band of the Hawk mercenary army. After Guts joins the Band and the relationship between the two men begins to blossom, Casca, the tough, lone swordswoman in the Band of the Hawk, struggles to accept Guts and the influence he has on the world around her.  While the two men begin to fight together, Griffith continues to rise to power, all seemingly in order to reach his mysterious, prophesied goals. What lengths will Guts and Griffith go to in order to reach these goals, and where will fate take the two men?","59.55","2/3/2012","7.2","422","","",""
"Blue Lagoon: The Awakening","Two high school students become stranded on a tropical island and must rely on each other for survival. They learn more about themselves and each other while falling in love.","57,612","6/16/2012","6.5","1296","","",""
"Ted","John Bennett, a man whose childhood wish of bringing his teddy bear to life came true, now must decide between keeping the relationship with the bear or his girlfriend, Lori.","52,839","6/29/2012","6.4","11384","","",""
"Hotel Transylvania","Welcome to Hotel Transylvania, Dracula's lavish five-stake resort, where monsters and their families can live it up and no humans are allowed. One special weekend, Dracula has invited all his best friends to celebrate his beloved daughter Mavis's 118th birthday. For Dracula catering to all of these legendary monsters is no problem but the party really starts when one ordinary guy stumbles into the hotel and changes everything!","51,867","9/20/2012","7","7952","","",""
"A Good Day to Die Hard","Iconoclastic, take-no-prisoners cop John McClane, finds himself for the first time on foreign soil after traveling to Moscow to help his wayward son Jack - unaware that Jack is really a highly-trained CIA operative out to stop a nuclear weapons heist. With the Russian underworld in pursuit, and battling a countdown to war, the two McClanes discover that their opposing methods make them unstoppable heroes.","416,232","2/6/2013","5.3","5965","","",""
"Cold Eyes","Ha Yoon-ju becomes the newest member of a unit within the Korean Police Forces Special Crime Department that specializes in surveillance activities on high-profile criminals. She teams up with Hwang Sang-jun, the veteran leader of the unit, and tries to track down James who is the cold-hearted leader of an armed criminal organization.","296,376","7/3/2013","7.5","291","","",""
"Ryo","The son of a samurai who lost his parents during the attack of English ships on a Japanese town is given the name Ryo and becomes the bodyguard of Ryoma Sakamoto, a man who has his own plan to fight for the country.","139,123","3/2/2013","7.3","2","","",""
"The Wolf of Wall Street","A New York stockbroker refuses to cooperate in a large securities fraud case involving corruption on Wall Street, corporate banking world and mob infiltration. Based on Jordan Belfort's autobiography.","114,327","12/25/2013","8","21911","","",""
"The Conjuring","Paranormal investigators Ed and Lorraine Warren work to help a family terrorized by a dark presence in their farmhouse. Forced to confront a powerful entity, the Warrens find themselves caught in the most terrifying case of their lives.","108,505","7/18/2013","7.5","10515","","",""
"Iron Man: Rise of Technovore","Iron Man enlists the help of ruthless vigilante the Punisher to track down War Machine's murderer. All the while, he's being pursued by S.H.I.E.L.D. agents Black Widow and Hawkeye, who suspect his involvement in a recent terrorist plot.","96,442","4/24/2013","5.9","151","","",""
"Insidious: Chapter 2","The haunted Lambert family seeks to uncover the mysterious childhood secret that has left them dangerously connected to the spirit world.","102,062","9/12/2013","6.7","3827","","",""
"Frozen","Young princess Anna of Arendelle dreams about finding true love at her sister Elsaâ€™s coronation. Fate takes her on a dangerous journey in an attempt to end the eternal winter that has fallen over the kingdom. She's accompanied by ice delivery man Kristoff, his reindeer Sven, and snowman Olaf. On an adventure where she will find out what friendship, courage, family, and true love really means.","89,427","11/20/2013","7.2","15341","","",""
"Nymphomaniac: Vol. II","The continuation of Joe's sexually dictated life delves into the darker aspects of her adult life and what led to her being in Seligman's care.","89.71","12/25/2013","6.8","2644","","",""
"World War Z","Life for former United Nations investigator Gerry Lane and his family seems content. Suddenly, the world is plagued by a mysterious infection turning whole human populations into rampaging mindless zombies. After barely escaping the chaos, Lane is persuaded to go on a mission to investigate this disease. What follows is a perilous trek around the world where Lane must brave horrific dangers and long odds to find answers before human civilization falls.","83,692","6/20/2013","6.8","14239","","",""
"Man of Steel","A young boy learns that he has extraordinary powers and is not of this earth. As a young man, he journeys to discover where he came from and what he was sent here to do. But the hero in him must emerge if he is to save the world from annihilation and become the symbol of hope for all mankind.","90,267","6/12/2013","6.6","14160","","",""
"Iron Man 3","When Tony Stark's world is torn apart by a formidable terrorist called the Mandarin, he starts an odyssey of rebuilding and retribution.","82,664","4/18/2013","6.9","20863","","",""
"Scary Movie 5","Home with their newly-formed family, happy parents Dan and Jody are haunted by sinister, paranormal activities. Determined to expel the insidious force, they install security cameras and discover their family is being stalked by an evil dead demon.","66,002","4/11/2013","4.8","2569","","",""
"Grown Ups 2","Lenny has relocated his family back to the small town where he and his friends grew up. This time around, the grown ups are the ones learning lessons from their kids on a day notoriously full of surprisesâ€”the last day of school.","76,062","7/11/2013","6.1","3858","","",""
"Monsters University","A look at the relationship between Mike and Sulley during their days at Monsters University â€” when they weren't necessarily the best of friends.","72.94","6/19/2013","7","9790","","",""
"Pacific Rim","Using massive piloted robots to combat the alien threat, earth's survivors take the fight to the invading alien force lurking in the depths of the Pacific Ocean. Nearly defenseless in the face of the relentless enemy, the forces of mankind have no choice but to turn to two unlikely heroes who now stand as earth's final hope against the mounting apocalypse.","71,097","7/11/2013","6.9","11436","","",""
"Homefront","Phil Broker is a former DEA agent who has gone through a crisis after his action against a biker gang went horribly wrong and it cost the life of his boss' son. He is recently widowed and is left with a 9-years-old daughter, Maddy. He decides to quit the turbulent and demanding life of thrill for Maddy's sake and retires to a small town. His daughter fights off a boy who was bullying her at school and this sets in motion a round of events that end in his direct confrontation with the local Meth drug lord. His past history with the biker gang also enters the arena, making matters more complex. But he has a mission in his mind to protect his daughter and he is ready to pay any cost that it demands.","68,545","11/12/2013","7","3155","","",""
"Despicable Me 2","Gru is recruited by the Anti-Villain League to help deal with a powerful new super criminal.","64,322","6/26/2013","6.9","10424","","",""
"Thor: The Dark World","Thor fights to restore order across the cosmosâ€¦ but an ancient race led by the vengeful Malekith returns to plunge the universe back into darkness. Faced with an enemy that even Odin and Asgard cannot withstand, Thor must embark on his most perilous and personal journey yet, one that will reunite him with Jane Foster and force him to sacrifice everything to save us all.","61,637","10/30/2013","6.5","16194","","",""
"The Hunger Games: Catching Fire","Katniss Everdeen has returned home safe after winning the 74th Annual Hunger Games along with fellow tribute Peeta Mellark. Winning means that they must turn around and leave their family and close friends, embarking on a ""Victor's Tour"" of the districts. Along the way Katniss senses that a rebellion is simmering, but the Capitol is still very much in control as President Snow prepares the 75th Annual Hunger Games (The Quarter Quell) - a competition that could change Panem forever.","47,616","11/15/2013","7.4","16007","","",""
"Interstellar","The adventures of a group of explorers who make use of a newly discovered wormhole to surpass the limitations on human space travel and conquer the vast distances involved in an interstellar voyage.","160,064","11/5/2014","8.4","31962","","",""
"Fury","In the last months of World War II, as the Allies make their final push in the European theatre, a battle-hardened U.S. Army sergeant named 'Wardaddy' commands a Sherman tank called 'Fury' and its five-man crew on a deadly mission behind enemy lines. Outnumbered and outgunned, Wardaddy and his men face overwhelming odds in their heroic attempts to strike at the heart of Nazi Germany.","134,495","10/15/2014","7.5","10898","","",""
"Stand by Me Doraemon","Sewashi and Doraemon find themselves way back in time and meet Nobita. It is up to Doraemon to take care of Nobita or else he will not return to the present.","133,789","8/8/2014","7.3","455","","",""
"Kingsman: The Secret Service","The story of a super-secret spy organization that recruits an unrefined but promising street kid into the agency's ultra-competitive training program just as a global threat emerges from a twisted tech genius.","147,156","12/13/2014","7.6","15493","","",""
"Big Hero 6","A special bond develops between plus-sized inflatable robot Baymax, and prodigy Hiro Hamada, who team up with a group of friends to form a band of high-tech heroes.","119,171","10/24/2014","7.7","14577","","",""
"The Amazing Spider-Man 2","For Peter Parker, life is busy. Between taking out the bad guys as Spider-Man and spending time with the person he loves, Gwen Stacy, high school graduation cannot come quickly enough. Peter has not forgotten about the promise he made to Gwenâ€™s father to protect her by staying away, but that is a promise he cannot keep. Things will change for Peter when a new villain, Electro, emerges, an old friend, Harry Osborn, returns, and Peter uncovers new clues about his past.","110.86","4/16/2014","6.5","12187","","",""
"Transformers: Age of Extinction","As humanity picks up the pieces, following the conclusion of ""Transformers: Dark of the Moon,"" Autobots and Decepticons have all but vanished from the face of the planet. However, a group of powerful, ingenious businessman and scientists attempt to learn from past Transformer incursions and push the boundaries of technology beyond what they can control - all while an ancient, powerful Transformer menace sets Earth in his cross-hairs.","102,088","6/25/2014","5.9","7479","","",""
"The Maze Runner","Set in a post-apocalyptic world, young Thomas is deposited in a community of boys after his memory is erased, soon learning they're all trapped in a maze that will require him to join forces with fellow â€œrunnersâ€ for a shot at escape.","91,521","9/10/2014","7.2","15740","","",""
"Teenage Mutant Ninja Turtles","When a kingpin threatens New York City, a group of mutated turtle warriors must emerge from the shadows to protect their home.","107,244","8/7/2014","5.9","6306","","",""
"American Sniper","U.S. Navy SEAL Chris Kyle takes his sole missionâ€”protect his comradesâ€”to heart and becomes one of the most lethal snipers in American history. His pinpoint accuracy not only saves countless lives but also makes him a prime target of insurgents. Despite grave danger and his struggle to be a good husband and father to his family back in the States, Kyle serves four tours of duty in Iraq. However, when he finally returns home, he finds that he cannot leave the war behind.","85.19","12/25/2014","7.4","11971","","",""
"Taken 3","Ex-government operative Bryan Mills finds his life is shattered when he's falsely accused of a murder that hits close to home. As he's pursued by a savvy police inspector, Mills employs his particular set of skills to track the real killer and exact his unique brand of justice.","70,879","12/16/2014","6.2","5277","","",""
"The Hobbit: The Battle of the Five Armies","Immediately after the events of The Desolation of Smaug, Bilbo and the dwarves try to defend Erebor's mountain of treasure from others who claim it: the men of the ruined Laketown and the elves of Mirkwood. Meanwhile an army of Orcs led by Azog the Defiler is marching on Erebor, fueled by the rise of the dark lord Sauron. Dwarves, elves and men must unite, and the hope for Middle-Earth falls into Bilbo's hands.","98,234","12/10/2014","7.3","13132","","",""
"The Equalizer","McCall believes he has put his mysterious past behind him and dedicated himself to beginning a new, quiet life. But when he meets Teri, a young girl under the control of ultra-violent Russian gangsters, he canâ€™t stand idly by â€“ he has to help her. Armed with hidden skills that allow him to serve vengeance against anyone who would brutalize the helpless, McCall comes out of his self-imposed retirement and finds his desire for justice reawakened. If someone has a problem, if the odds are stacked against them, if they have nowhere else to turn, McCall will help. He is The Equalizer.","85,268","9/24/2014","7.2","7933","","",""
"The Hunger Games: Mockingjay - Part 1","Katniss Everdeen reluctantly becomes the symbol of a mass rebellion against the autocratic Capitol.","72,942","11/19/2014","6.8","14561","","",""
"Gone Girl","With his wife's disappearance having become the focus of an intense media circus, a man sees the spotlight turned on him when it's suspected that he may not be innocent.","68.43","10/1/2014","7.9","17161","","",""
"A Haunted House 2","After exorcising the demons of his ex-, Malcolm starts afresh with his new girlfriend and her two children. After moving into their dream home, Malcolm is once again plagued by bizarre paranormal events.","84,676","4/17/2014","6.1","1259","","",""
"One Piece ""3D2Y"": Overcome Ace's Death! Luffy's Vow to his Friends","The special takes place during the two year before the Straw Hats reunite on Sabody.  Luffy is currently in Rusukaina training to get stronger to take on the New World. However the training  is interrupted when Hancock's sisters, Marigold and Sandersonia, are kidnapped by the Byrnndi World,  a pirate who was locked away on Level 6 of Impel Down but escaped during Luffy's invasion to save Ace,  in order to lure Hancock to him and use her as a hostage against the World Government due to her  Shichibukai status. Thus Luffy and Hancock head off to confront him and save Hancock's sisters.","70,499","12/31/2014","7","127","","",""
"Maleficent","A beautiful, pure-hearted young woman, Maleficent has an idyllic life growing up in a peaceable forest kingdom, until one day when an invading army threatens the harmony of the land.  Maleficent rises to be the land's fiercest protector, but she ultimately suffers a ruthless betrayal â€“ an act that begins to turn her heart into stone. Bent on revenge, Maleficent faces an epic battle with the invading King's successor and, as a result, places a curse upon his newborn infant Aurora. As the child grows, Maleficent realizes that Aurora holds the key to peace in the kingdom â€“ and to Maleficent's true happiness as well.","69,184","5/28/2014","7.1","12374","","",""
"Blended","After a divorced mom and widowed dad have a disastrous blind date and part ways, they unknowingly end up having to share the same romantic suite at an African resort for families during spring break.","73,444","5/21/2014","6.9","3151","","",""
"Whiplash","Under the direction of a ruthless instructor, a talented young drummer begins to pursue perfection at any cost, even his humanity.","55,899","10/10/2014","8.4","13681","","",""
"San Andreas","In the aftermath of a massive earthquake in California, a rescue-chopper pilot makes a dangerous journey across the state in order to rescue his estranged daughter.","654,047","5/27/2015","6.2","7882","","",""
"Justice League: Throne of Atlantis","After the events of Justice League: War, Ocean Master and Black Manta have declared a war against the surface in retaliation of the aftermath of Apokoliptian-tyrant Darkseid's planetary invasion. Queen Atlanna seeks out her other son, Ocean Masterâ€™s half-brother Arthur Curry, a half-human with aquatic powers with no knowledge of his Atlantean heritage, to restore balance.  Living with powers he doesnâ€™t understand and seeing the danger around him, Curry takes steps to embrace his destiny, joining the Justice League, and with his new teammates he battles to save Earth from total destruction.","146,825","1/27/2015","7","822","","",""
"Fifty Shades of Grey","When college senior Anastasia Steele steps in for her sick roommate to interview prominent businessman Christian Grey for their campus paper, little does she realize the path her life will take. Christian, as enigmatic as he is rich and powerful, finds himself strangely drawn to Ana, and she to him. Though sexually inexperienced, Ana plunges headlong into an affair -- and learns that Christian's true sexual proclivities push the boundaries of pain and pleasure.","116,622","2/11/2015","5.9","11014","","",""
"Inside Out","Growing up can be a bumpy road, and it's no exception for Riley, who is uprooted from her Midwest life when her father starts a new job in San Francisco. Riley's guiding emotionsâ€” Joy, Fear, Anger, Disgust and Sadnessâ€”live in Headquarters, the control centre inside Riley's mind, where they help advise her through everyday life and tries to keep things positive, but the emotions conflict on how best to navigate a new city, house and school.","102,907","6/9/2015","7.9","19234","","",""
"Terminator Genisys","The year is 2029. John Connor, leader of the resistance continues the war against the machines. At the Los Angeles offensive, John's fears of the unknown future begin to emerge when TECOM spies reveal a new plot by SkyNet that will attack him from both fronts"," past and future, and will ultimately change warfare forever.","90,719","6/23/2015","5.9","7773","",""
"Insidious: Chapter 3","A twisted new tale of terror begins for a teenage girl and her family, and revealing more mysteries of the otherworldly realm, 'The Further'.","107,149","5/28/2015","6.3","3048","","",""
"Chappie","Every child comes into the world full of promise, and none more so than Chappie: he is gifted, special, a prodigy. Like any child, Chappie will come under the influence of his surroundingsâ€”some good, some badâ€”and he will rely on his heart and soul to find his way in the world and become his own man. But there's one thing that makes Chappie different from any one else: he is a robot.","69,537","3/4/2015","6.8","7359","","",""
"Empire of Lust","A brilliant general distinguishes himself by protecting the dynasty's borders while keeping an eye on one of the sons of the king.","95,261","3/5/2015","7","36","","",""
"Superfast!","Undercover cop Lucas White joins Vin Serento's LA gang of illegal street racers. They are fast and they are furious and they plan to double cross LA crime kingpin Juan Carlos de la Sol who hides his cash in a downtown Taco Bell. The gang's outrageous plan is as daring as it is ridiculous and will see them towing the whole restaurant, at crazy speeds.","87,764","3/5/2015","5","362","","",""
"Avengers: Age of Ultron","When Tony Stark tries to jumpstart a dormant peacekeeping program, things go awry and Earthâ€™s Mightiest Heroes are put to the ultimate test as the fate of the planet hangs in the balance. As the villainous Ultron emerges, it is up to The Avengers to stop him from enacting his terrible plans, and soon uneasy alliances and unexpected action pave the way for an epic and unique global adventure.","98,356","4/22/2015","7.3","21541","","",""
"Ted 2","Newlywed couple Ted and Tami-Lynn want to have a baby, but in order to qualify to be a parent, Ted will have to prove he's a person in a court of law.","80,257","6/25/2015","6.3","6795","","",""
"Mission: Impossible - Rogue Nation","Ethan and team take on their most impossible mission yetâ€”eradicating 'The Syndicate', an International and highly-skilled rogue organization committed to destroying the IMF.","78,102","7/23/2015","7.2","8031","","",""
"Furious 7","Deckard Shaw seeks revenge against Dominic Toretto and his family for his comatose brother.","82,164","4/1/2015","7.2","9886","","",""
"Cinderella","When her father unexpectedly passes away, young Ella finds herself at the mercy of her cruel stepmother and her daughters. Never one to give up hope, Ella's fortunes begin to change after meeting a dashing stranger in the woods.","81,291","3/6/2015","6.8","6612","","",""
"A Delicious Flight","An innocent actress runs away from the scandal with an idol, the impudent idol that ruined her career, a passionate manager who is devoted to her and his ex-girlfriend who is now a sexy stewardess. These four that should never be together run into each other in an airplane. No one can run away and the most cheeky and erotic things happen here.","67.22","11/1/2015","4.1","55","","",""
"Jurassic World","Twenty-two years after the events of Jurassic Park, Isla Nublar now features a fully functioning dinosaur theme park, Jurassic World, as originally envisioned by John Hammond.","80,241","6/12/2015","6.7","19232","","",""
"Mad Max: Fury Road","An apocalyptic story set in the furthest reaches of our planet, in a stark desert landscape where humanity is broken, and most everyone is crazed fighting for the necessities of life. Within this world exist two rebels on the run who just might be able to restore order.","72,159","5/13/2015","7.6","20714","","",""
"Spectre","A cryptic message from Bondâ€™s past sends him on a trail to uncover a sinister organization. While M battles political forces to keep the secret service alive, Bond peels back the layers of deceit to reveal the terrible truth behind SPECTRE.","37,553","10/26/2015","6.5","9794","","",""
"Sicario","An idealistic FBI agent is enlisted by a government task force to aid in the escalating war against drugs at the border area between the U.S. and Mexico.","48,099","9/17/2015","7.4","7705","","",""
"The Good Dinosaur","An epic journey into the world of dinosaurs where an Apatosaurus named Arlo makes an unlikely human friend.","63,873","11/14/2015","6.7","5067","","",""
"GANTZ:O","After being brutally murdered in a subway station, a teen boy awakens to find himself resurrected by a strange computer named Gantz, and forced to fight a large force of invading aliens in Osaka.","339.67","10/14/2016","7.3","664","","",""
"Hacksaw Ridge","WWII American Army Medic Desmond T. Doss, who served during the Battle of Okinawa, refuses to kill people and becomes the first Conscientious Objector in American history to receive the Congressional Medal of Honor.","127,758","10/7/2016","8.2","12467","","",""
"Deadpool","The origin story of former Special Forces operative turned mercenary Wade Wilson, who, after being subjected to a rogue experiment that leaves him with accelerated healing powers, adopts the alter ego Deadpool. Armed with his new abilities and a dark, twisted sense of humor, Deadpool hunts down the man who nearly destroyed his life.","124,537","2/9/2016","7.6","28644","","",""
"Boyka: Undisputed IV","In the fourth installment of the fighting franchise, Boyka is shooting for the big leagues when an accidental death in the ring makes him question everything he stands for. When he finds out the wife of the man he accidentally killed is in trouble, Boyka offers to fight in a series of impossible battles to free her from a life of servitude.","87,894","8/1/2016","7.1","1160","","",""
"The Conjuring 2","Lorraine and Ed Warren travel to north London to help a single mother raising four children alone in a house plagued by malicious spirits.","95,551","6/8/2016","7.3","7619","","",""
"Zootopia","Determined to prove herself, Officer Judy Hopps, the first bunny on Zootopia's police force, jumps at the chance to crack her first case - even if it means partnering with scam-artist fox Nick Wilde to solve the mystery.","77,529","2/11/2016","7.7","15062","","",""
"Train to Busan","When a zombie virus pushes Korea into a state of emergency, those trapped on an express train to Busan must fight for their own survival.","72,663","7/20/2016","7.8","6553","","",""
"Batman v Superman: Dawn of Justice","Fearing the actions of a god-like Super Hero left unchecked, Gotham Cityâ€™s own formidable, forceful vigilante takes on Metropolisâ€™s most revered, modern-day savior, while the world wrestles with what sort of hero it really needs. And with Batman and Superman at war with one another, a new threat quickly arises, putting mankind in greater danger than itâ€™s ever known before.","95,838","3/23/2016","5.9","16919","","",""
"Captain America: Civil War","Following the events of Age of Ultron, the collective governments of the world pass an act designed to regulate all superhuman activity. This polarizes opinion amongst the Avengers, causing two factions to side with Iron Man or Captain America, which causes an epic battle between former allies.","83.68","4/27/2016","7.4","21336","","",""
"Me Before You","A small town girl is caught between dead-end jobs. A high-profile, successful man becomes wheelchair bound following an accident. The man decides his life is not worth living until the girl is hired for six months to be his new caretaker. Worlds apart and trapped together by circumstance, the two get off to a rocky start. But the girl becomes determined to prove to the man that life is worth living and as they embark on a series of adventures together, each finds their world changing in ways neither of them could begin to imagine.","83,681","6/1/2016","7.9","11291","","",""
"Your Name.","High schoolers Mitsuha and Taki are complete strangers living separate lives. But one night, they suddenly switch places. Mitsuha wakes up in Takiâ€™s body, and he in hers. This bizarre occurrence continues to happen randomly, and the two must adjust their lives around each other.","80,871","8/26/2016","8.5","10077","","",""
"Doctor Strange","After his career is destroyed, a brilliant but arrogant surgeon gets a new lease on life when a sorcerer takes him under her wing and trains him to defend the world against evil.","80,685","10/25/2016","7.4","20710","","",""
"Suicide Squad","From DC Comics comes the Suicide Squad, an antihero team of incarcerated supervillains who act as deniable assets for the United States government, undertaking high-risk black ops missions in exchange for commuted prison sentences.","71,675","8/3/2016","5.9","19942","","",""
"Hidden Figures","The untold story of Katherine G. Johnson, Dorothy Vaughan and Mary Jackson â€“ brilliant African-American women working at NASA and serving as the brains behind one of the greatest operations in history â€“ the launch of astronaut John Glenn into orbit. The visionary trio crossed all gender and race lines to inspire generations to dream big.","72,612","12/10/2016","8.1","8804","","",""
"Fantastic Beasts and Where to Find Them","In 1926, Newt Scamander arrives at the Magical Congress of the United States of America with a magically expanded briefcase, which houses a number of dangerous creatures and their habitats. When the creatures escape from the briefcase, it sends the American wizarding authorities after Newt, and threatens to strain even further the state of magical and non-magical relations.","62,699","11/16/2016","7.3","17749","","",""
"Sing","A koala named Buster recruits his best friend to help him drum up business for his theater by hosting a singing competition.","63,535","11/23/2016","7.1","7373","","",""
"Sausage Party","Frank leads a group of supermarket products on a quest to discover the truth about their existence and what really happens when they become chosen to leave the grocery store.","46,467","7/11/2016","5.7","6702","","",""
"X-Men: Apocalypse","After the re-emergence of the world's first mutant, world-destroyer Apocalypse, the X-Men must unite to defeat his extinction level plan.","57,853","5/18/2016","6.5","12101","","",""
"The Handmaiden","In 1930s Korea, a swindler and a young woman pose as a Japanese count and a handmaiden to seduce a Japanese heiress and steal her fortune.","54,292","6/1/2016","8.2","3215","","",""
"No Manches Frida","After his release from prison, bank robber Zequi sets off to recover the stolen money that was buried by his dizzy accomplice. He's horrified to learn that a high school gymnasium is now standing over the site where the loot is stashed. Needing to infiltrate the building, Zequi lands a job as a substitute teacher for a group of wild and unruly students. As the ex-con tries to lay down the law, he starts to realize that life in jail may have been easier than trying to deal with rebellious teens.","56,701","9/2/2016","7.8","750","","",""
"It","In a small town in Maine, seven children known as The Losers Club come face to face with life problems, bullies and a monster that takes the shape of a clown called Pennywise.","233,664","9/6/2017","7.2","17812","","",""
"Japanese Mom 2","Young-suk's father, Dae-sung, is the one who will soon become your stepmother and introduces Hitomi to Young-suk. Hitomi is a young lady of twenty-five who is two years younger than Youngsuk. Young-seok's younger and sexy stepmother Hitomi keeps beating more and more. Then one night, Hitomi comes into Youngsuk's room and takes off his pants...?! Dad begins a breathtaking double life with a Japanese mother you should never know.","114,768","10/31/2017","6.5","3","","",""
"Blade Runner 2049","Thirty years after the events of the first film, a new blade runner, LAPD Officer K, unearths a long-buried secret that has the potential to plunge what's left of society into chaos. K's discovery leads him on a quest to find Rick Deckard, a former LAPD blade runner who has been missing for 30 years.","125,354","10/4/2017","7.5","12100","","",""
"Spider-Man: Homecoming","Following the events of Captain America: Civil War, Peter Parker, with the help of his mentor Tony Stark, tries to balance his life as an ordinary high school student in Queens, New York City, with fighting crime as his superhero alter ego Spider-Man as a new threat, the Vulture, emerges.","114,312","7/5/2017","7.3","20274","","",""
"Guardians of the Galaxy Vol. 2","The Guardians must fight to keep their newfound family together as they unravel the mysteries of Peter Quill's true parentage.","113,356","4/19/2017","7.6","20097","","",""
"LEGO Frozen Northern Lights","Elsa, Anna and friends search for the Northern Lights.","117,388","1/5/2017","6.7","78","","",""
"Coco","Despite his familyâ€™s baffling generations-old ban on music, Miguel dreams of becoming an accomplished musician like his idol, Ernesto de la Cruz. Desperate to prove his talent, Miguel finds himself in the stunning and colorful Land of the Dead following a mysterious chain of events. Along the way, he meets charming trickster Hector, and together, they set off on an extraordinary journey to unlock the real story behind Miguel's family history.","120,264","10/27/2017","8.2","17447","","",""
"Kingsman: The Golden Circle","When an attack on the Kingsman headquarters takes place and a new villain rises, Eggsy and Merlin are forced to work together with the American agency known as the Statesman to save the world.","120,985","9/20/2017","7","9444","","",""
"John Wick: Chapter 2","John Wick is forced out of retirement by a former associate looking to seize control of a shadowy international assassinsâ€™ guild. Bound by a blood oath to aid him, Wick travels to Rome and does battle against some of the worldâ€™s most dangerous killers.","116,245","2/8/2017","7.3","11809","","",""
"Transformers: The Last Knight","Autobots and Decepticons are at war, with humans on the sidelines. Optimus Prime is gone. The key to saving our future lies buried in the secrets of the past, in the hidden history of Transformers on Earth.","91.73","6/16/2017","6.1","5630","","",""
"Justice League","Fuelled by his restored faith in humanity and inspired by Superman's selfless act, Bruce Wayne and Diana Prince assemble a team of metahumans consisting of Barry Allen, Arthur Curry and Victor Stone to face the catastrophic threat of Steppenwolf and the Parademons who are on the hunt for three Mother Boxes on Earth.","81,792","11/15/2017","6.1","12148","","",""
"Wonder Woman","An Amazon princess comes to the world of Man in the grips of the First World War to confront the forces of evil and bring an end to human conflict.","74,211","5/30/2017","7.2","18793","","",""
"Below Her Mouth","An unexpected affair quickly escalates into a heart-stopping reality for two women whose passionate connection changes their lives forever.","86,696","2/10/2017","6.8","1053","","",""
"Thor: Ragnarok","Thor is imprisoned on the other side of the universe and finds himself in a race against time to get back to Asgard to stop Ragnarok, the destruction of his home-world and the end of Asgardian civilization, at the hands of a powerful new threat, the ruthless Hela.","69,824","10/2/2017","7.6","19334","","",""
"Gifted","Frank, a single man raising his child prodigy niece Mary, is drawn into a custody battle with his mother.","70.65","4/12/2017","8","4906","","",""
"The Fate of the Furious","When a mysterious woman seduces Dom into the world of crime and a betrayal of those closest to him, the crew face trials that will test them as never before.","75,363","4/12/2017","6.9","9607","","",""
"Cars 3","Blindsided by a new generation of blazing-fast racers, the legendary Lightning McQueen is suddenly pushed out of the sport he loves. To get back in the game, he will need the help of an eager young race technician with her own plan to win, inspiration from the late Fabulous Hudson Hornet, and a few unexpected turns. Proving that #95 isn't through yet will test the heart of a champion on Piston Cup Racingâ€™s biggest stage!","76,051","6/15/2017","6.9","5173","","",""
"Logan","In the near future, a weary Logan cares for an ailing Professor X in a hideout on the Mexican border. But Logan's attempts to hide from the world and his legacy are upended when a young mutant arrives, pursued by dark forces.","73,936","2/28/2017","7.8","17939","","",""
"Fifty Shades Darker","When a wounded Christian Grey tries to entice a cautious Ana Steele back into his life, she demands a new arrangement before she will give him another chance. As the two begin to build trust and find stability, shadowy figures from Christianâ€™s past start to circle the couple, determined to destroy their hopes for a future together.","69,013","2/8/2017","6.5","7210","","",""
"The Foreigner","Quan is a humble London businessman whose long-buried past erupts in a revenge-fueled vendetta when the only person left for him to love â€“ his teenage daughter â€“ dies in an Irish Republican Army car bombing. His relentless search to find the terrorists leads to a cat-and-mouse conflict with a British government official whose own past may hold the clues to the identities of the elusive killers.","61,836","9/28/2017","7","2333","","",""
"The Darkest Minds","After a disease kills 98% of America's children, the surviving 2% develop superpowers and are placed in internment camps. A 16-year-old girl escapes her camp and joins a group of other teens on the run from the government.","630,056","7/25/2018","7","2538","","",""
"Insidious: The Last Key","Parapsychologist Elise Rainier and her team travel to Five Keys, NM, to investigate a manâ€™s claim of a haunting. Terror soon strikes when Rainier realizes that the house he lives in was her familyâ€™s old home.","790,233","1/3/2018","6.3","2579","","",""
"The Meg","A deep sea submersible pilot revisits his past fears in the Mariana Trench, and accidentally unleashes the seventy foot ancestor of the Great White Shark believed to be extinct.","351.43","8/9/2018","6.2","6627","","",""
"Racetime","A spectacular sled race through the village. Frankie-Four-Eyes and his team, including Sophie as the driver, take on the newcomers: the mysterious and conceited Zac and his athletic cousin Charlie.","229,335","12/7/2018","5.3","26","","",""
"Spider-Man: Into the Spider-Verse","Struggling to find his place in the world while juggling school and family, Brooklyn teenager Miles Morales is unexpectedly bitten by a radioactive spider and develops unfathomable powers just like the one and only Spider-Man. While wrestling with the implications of his new abilities, Miles discovers a super collider created by the madman Wilson ""Kingpin"" Fisk, causing others from across the Spider-Verse to be inadvertently transported to his dimension.","245,898","12/6/2018","8.4","13632","","",""
"Avengers: Infinity War","As the Avengers and their allies have continued to protect the world from threats too large for any one hero to handle, a new danger has emerged from the cosmic shadows: Thanos. A despot of intergalactic infamy, his goal is to collect all six Infinity Stones, artifacts of unimaginable power, and use them to inflict his twisted will on all of reality. Everything the Avengers have fought for has led up to this moment - the fate of Earth and existence itself has never been more uncertain.","227,481","4/25/2018","8.3","27322","","",""
"Norm of the North: Keys to the Kingdom","When Norm returns to New York, he is falsely accused of a crime and must work with his pals to get the case dismissed while also protecting his kingdom in a winner-take-all hockey tournament.","142,565","8/31/2018","6.1","26","","",""
"Mission: Impossible - Fallout","When an IMF mission ends badly, the world is faced with dire consequences. As Ethan Hunt takes it upon himself to fulfill his original briefing, the CIA begin to question his loyalty and his motives. The IMF team find themselves in a race against time, hunted by assassins while trying to prevent a global catastrophe.","99,374","7/13/2018","7.4","7373","","",""
"Youthful Older Sister","A young man grows up with his older cousin who is like an older sister to him. When he grows up, he goes to visit her at her home where her friend is also visiting. The three of them under roof make for some interesting circumstances.","68,149","3/15/2018","0","0","","",""
"Megalodon","A military vessel on the search for an unidentified submersible finds themselves face to face with a giant shark, forced to use only what they have on board to defend themselves from the monstrous beast.","138,628","8/10/2018","5.6","249","","",""
"Fifty Shades Freed","Believing they have left behind shadowy figures from their past, newlyweds Christian and Ana fully embrace an inextricable connection and shared life of luxury. But just as she steps into her role as Mrs. Grey and he relaxes into an unfamiliar stability, new threats could jeopardize their happy ending before it even begins.","106,417","1/17/2018","6.7","7434","","",""
"Deadpool 2","Wisecracking mercenary Deadpool battles the evil and powerful Cable and other bad guys to save a boy's life.","100,693","5/10/2018","7.5","16134","","",""
"The Nun","When a young nun at a cloistered abbey in Romania takes her own life, a priest with a haunted past and a novitiate on the threshold of her final vows are sent by the Vatican to investigate. Together they uncover the orderâ€™s unholy secret. Risking not only their lives but their faith and their very souls, they confront a malevolent force in the form of the same demonic nun that first terrorized audiences in â€œThe Conjuring 2â€ as the abbey becomes a horrific battleground between the living and the damned.","95.18","9/5/2018","5.9","5814","","",""
"Creed II","Between personal obligations and training for his next big fight against an opponent with ties to his family's past, Adonis Creed is up against the challenge of his life.","72,046","11/21/2018","7","4917","","",""
"Terrifier","On Halloween night, a young woman finds herself as the obsession of a sadistic murderer known as Art the Clown.","71,174","1/25/2018","6.5","1630","","",""
"Venom","Investigative journalist Eddie Brock attempts a comeback following a scandal, but accidentally becomes the host of Venom, a violent, super powerful alien symbiote. Soon, he must rely on his newfound powers to protect the world from a shadowy organization looking for a symbiote of their own.","72,569","9/28/2018","6.8","14559","","",""
"Bird Box","Five years after an ominous unseen presence drives most of society to suicide, a survivor and her two children make a desperate bid to reach safety.","64,776","12/13/2018","6.9","9100","","",""
"The Predator","When a young boy accidentally triggers the universe's most lethal hunters' return to Earth, only a ragtag crew of ex-soldiers and a disgruntled scientist can prevent the end of the human race.","60,486","9/5/2018","5.6","4207","","",""
"Forever My Girl","After being gone for a decade, a country star returns home to the love he left behind.","48,689","1/26/2018","7.6","1114","","",""
"Ready Player One","When the creator of a popular video game system dies, a virtual contest is created to compete for his fortune.","68,757","3/28/2018","7.6","14236","","",""
"After","Tessa Young is a dedicated student, dutiful daughter and loyal girlfriend to her high school sweetheart. Entering her first semester of college, Tessa's guarded world opens up when she meets Hardin Scott, a mysterious and brooding rebel who makes her question all she thought she knew about herself -- and what she wants out of life.","363,903","4/11/2019","7.1","7691","","",""
"Instead of Husband","The film is starred by the famous actress Yu Shinoda, who plays a married young woman who lives with her husband and father-in-law. The husband is tired of making a living every day, regardless of sex, even though the wifeâ€™s dress is very revealing and attractive. The husband was also left unmoved. While the wife sighed, the father-in-law had long coveted the body of the wife. He could only rely on voyeurism every day to comfort him, and the father-in-law was also very distressed. Finally, one day, the father-in-law was hungry. The thirsty young woman stretched out her claws...","252,159","1/8/2019","0","0","","",""
"Avengers: Endgame","After the devastating events of Avengers: Infinity War, the universe is in ruins due to the efforts of the Mad Titan, Thanos. With the help of remaining allies, the Avengers must assemble once more in order to undo Thanos' actions and restore order to the universe once and for all, no matter what consequences may be in store.","109,791","4/24/2019","8.3","23545","","",""
"Marvel Rising: Playing with Fire","Infernoâ€™s powers are stolen by a young and powerful villain and itâ€™s up to the Secret Warriors to defeat their new foe and help their friend. But does Inferno even WANT his powers back? Meanwhile, America Chavez learns a lesson about friendship and family from teammate Ms. Marvel.","100,571","12/18/2019","6.6","41","","",""
"Demon Slayer: Kimetsu no Yaiba Sibling's Bond","Tanjiro finds his family slaughtered and the lone survivor, his sister Nezuko Kamado, turned into a Demon. To his surprise, however, Nezuko still shows signs of human emotion and thought. Thus begins Tanjiro's journey to seek out the Demon who killed their family and turn his sister human again. A recap film of Kimetsu no Yaiba, covering episodes 1-5 with extra footage.","108,511","3/29/2019","7.9","146","","",""
"Frozen II","Elsa, Anna, Kristoff and Olaf head far into the forest to learn the truth about an ancient mystery of their kingdom.","95,438","11/20/2019","7.3","8957","","",""
"Marvel Rising: Chasing Ghosts","Hot on the trails of Sheath and Exile, Ghost-Spider teams up with the rest of the Secret Warriors to bring down the villains for good.","83,911","1/16/2019","7","41","","",""
"Spider-Man: Far From Home","Peter Parker and his friends go on a summer trip to Europe. However, they will hardly be able to rest - Peter will have to agree to help Nick Fury uncover the mystery of creatures that cause natural disasters and destruction throughout the continent.","97,696","6/28/2019","7.5","14265","","",""
"Dumbo","A young elephant, whose oversized ears enable him to fly, helps save a struggling circus, but when the circus plans a new venture, Dumbo and his friends discover dark secrets beneath its shiny veneer.","96,987","3/27/2019","6.7","4047","","",""
"Fast & Furious Presents: Hobbs & Shaw","Ever since US Diplomatic Security Service Agent Hobbs and lawless outcast Shaw first faced off, they just have traded smack talk and body blows. But when cyber-genetically enhanced anarchist Brixton's ruthless actions threaten the future of humanity, they join forces to defeat him.","104,853","8/1/2019","6.9","6504","","",""
"John Wick: Chapter 3 - Parabellum","Super-assassin John Wick returns with a $14 million price tag on his head and an army of bounty-hunting killers on his trail. After killing a member of the shadowy international assassinâ€™s guild, the High Table, John Wick is excommunicado, but the worldâ€™s most ruthless hit men and women await his every turn.","107,951","5/15/2019","7.4","9508","","",""
"The Lion King","Simba idolizes his father, King Mufasa, and takes to heart his own royal destiny. But not everyone in the kingdom celebrates the new cub's arrival. Scar, Mufasa's brotherâ€”and former heir to the throneâ€”has plans of his own. The battle for Pride Rock is ravaged with betrayal, tragedy and drama, ultimately resulting in Simba's exile. With help from a curious pair of newfound friends, Simba will have to figure out how to grow up and take back what is rightfully his.","82,155","7/12/2019","7.1","9215","","",""
"It Chapter Two","27 years after overcoming the malevolent supernatural entity Pennywise, the former members of the Losers' Club, who have grown up and moved away from Derry, are brought back together by a devastating phone call.","99,657","9/4/2019","6.9","7891","","",""
"What Men Want","Magically able to hear what men are thinking, a sports agent uses her newfound ability to turn the tables on her overbearing male colleagues.","84,128","2/8/2019","6.2","1234","","",""
"How to Train Your Dragon: The Hidden World","As Hiccup fulfills his dream of creating a peaceful dragon utopia, Toothlessâ€™ discovery of an untamed, elusive mate draws the Night Fury away. When danger mounts at home and Hiccupâ€™s reign as village chief is tested, both dragon and rider must make impossible decisions to save their kind.","72,909","1/3/2019","7.8","5730","","",""
"Marvel Rising: Battle of the Bands","On the day of Gwenâ€™s â€œBattle of the Bandsâ€ competition, mysterious attacks force her and the Secret Warriors to investigate. Can they save the city and get Gwen to the concert on time?","87,322","8/28/2019","6.8","41","","",""
"Erotic Tutoring 2","Bar examiner Yoo-jeong likes sex more than studying. Thanks to the secretive, but erotic tutoring by the teacher her boyfriend introduced to her, Yoo-jeongâ€™s grades shoot up. Yoo-jeongâ€™s mom, Mi-jin, however, feels attracted to her tutor and starts seducing him.","76,683","6/7/2019","6.8","4","","",""
"Toy Story 4","Woody has always been confident about his place in the world and that his priority is taking care of his kid, whether that's Andy or Bonnie. But when Bonnie adds a reluctant new toy called ""Forky"" to her room, a road trip adventure alongside old and new friends will show Woody how big the world can be for a toy.","75,809","6/19/2019","7.5","8955","","",""
"Parasite","All unemployed, Ki-taek's family takes peculiar interest in the wealthy and glamorous Parks for their livelihood until they get entangled in an unexpected incident.","69,239","5/30/2019","8.5","16075","","",""
"Joker","During the 1980s, a failed stand-up comedian is driven insane and turns to a life of crime and chaos in Gotham City while becoming an infamous psychopathic crime figure.","79,323","10/1/2019","8.2","23081","","",""
"Mortal Kombat Legends: Scorpion's Revenge","After the vicious slaughter of his family by stone-cold mercenary Sub-Zero, Hanzo Hasashi is exiled to the torturous Netherrealm. There, in exchange for his servitude to the sinister Quan Chi, heâ€™s given a chance to avenge his family â€“ and is resurrected as Scorpion, a lost soul bent on revenge. Back on Earthrealm, Lord Raiden gathers a team of elite warriors â€“ Shaolin monk Liu Kang, Special Forces officer Sonya Blade and action star Johnny Cage â€“ an unlikely band of heroes with one chance to save humanity. To do this, they must defeat Shang Tsungâ€™s horde of Outworld gladiators and reign over the Mortal Kombat tournament.","440,153","4/12/2020","8.2","1251","","",""
"After We Collided","Tessa finds herself struggling with her complicated relationship with Hardin"," she faces a dilemma that could change their lives forever.","317,607","9/2/2020","7.2","4993","",""
"Miraculous World: New York, United HeroeZ","Teen Parisian superheroes Ladybug and Chat Noir visit New York on a field trip and discover that superheroes exist in the United States too.","158.66","12/18/2020","8.2","999","","",""
"Orgasm Lecture 2","Yuner, Liu Ren, and Zhou Xian are college girlfriends. They went to the holiday house to take pictures and swim together during the holidays. However, the three women soon became bored. Yuner came up with the idea of seducing men and happened to encounter a handsome sports car The passing Shi Yu and the senior asked the three women for directions, and Yuner handed over the phone number to the two men, and this extraordinary experience began â€¦","179,934","2/20/2020","10","1","","",""
"Demon Slayer -Kimetsu no Yaiba- The Movie: Mugen Train","Tanjiro Kamado, joined with Inosuke Hashibira, a boy raised by boars who wears a boar's head, and Zenitsu Agatsuma, a scared boy who reveals his true power when he sleeps, boards the Infinity Train on a new mission with the Fire Hashira, Kyojuro Rengoku, to defeat a demon who has been tormenting the people and killing the demon slayers who oppose it!","119,528","10/16/2020","8.3","3292","","",""
"Invasion","Two years after the fall of the alien ship, the life of a young woman from Moscow has been changed forever. Her growing powers are now at the focus of both human and celestial investigation: an alien force takes an interest in her, and will stop short of nothing, including an invasion. Can love and compassion save humanity, when faced with a much greater and more demanding test this time?","93,881","1/1/2020","6.9","711","","",""
"Beautiful Breasts Serenade: Erotic Fair Skin","At night, Luna after taking a bath is humming the Scottish folk song ""Hometown Sky"". In front of her eyes, wearing dark make-up and dressed again, there was a picture of three middle-aged men stuck on the wall ...","99,414","2/4/2020","0","0","","",""
"A Go! Go! Cory Carson Halloween","Cory, Chrissy and Freddie are on the hunt for king-sized candy bars this Halloween! But are all the treats worth the trek to the spooky side of town?","76,154","10/2/2020","7","21","","",""
"Deathstroke: Knights & Dragons - The Movie","The assassin Deathstroke tries to save his family from the wrath of H.I.V.E. and the murderous Jackal.","98,954","8/4/2020","7","407","","",""
"Sonic the Hedgehog","Powered with incredible speed, Sonic The Hedgehog embraces his new home on Earth. That is, until Sonic sparks the attention of super-uncool evil genius Dr. Robotnik. Now itâ€™s super-villain vs. super-sonic in an all-out race across the globe to stop Robotnik from using Sonicâ€™s unique power for world domination.","89,934","2/12/2020","7.4","8803","","",""
"Extraction","Tyler Rake, a fearless mercenary who offers his services on the black market, embarks on a dangerous mission when he is hired to rescue the kidnapped son of a Mumbai crime lord.","99,162","4/24/2020","7.4","5373","","",""
"The Croods: A New Age","Searching for a safer habitat, the prehistoric Crood family discovers an idyllic, walled-in paradise that meets all of its needs. Unfortunately, they must also learn to live with the Bettermans -- a family that's a couple of steps above the Croods on the evolutionary ladder. As tensions between the new neighbors start to rise, a new threat soon propels both clans on an epic adventure that forces them to embrace their differences, draw strength from one another, and survive together.","83,296","11/25/2020","7.5","3437","","",""
"Female Boss Hooker","Ji-cheol is a job seeker who only plays and eats, and is the boyfriend of Eun-je who runs a small store. Meanwhile, Joong-hoo, a hikikumori, became a regular after accidentally seeing Eun-je in the store. She is mistaking her kindness for her affection for herself. Joong-hoo started stalking her SNS every day.  In the end, after approaching Eun-je with an innocent face, he succeeds in locking up Eun-je.  As Eun-je disappears and the money supply is cut off, Ji-cheol is eager to find Eun-je. Ji-cheol, who is sad about money rather than worrying about Eun-je's safety, tries to lure Mi-seon out of her pocket money. Eun-je, who saw the scene of these two people's affair through a hidden camera, disarms Joong-hoo while drinking with him, thinking that she should somehow get out of there. Eun-je eventually escapes.  Feeling empty without Eun-je, Joong-hu confines Mi-Seon, who ignored him.  Three months later, someone came to Joong-hu's house and thenâ€¦","78,381","8/31/2020","10","1","","",""
"Girlfriend's Taste 2","Na-hee spends a day with alcohol after parting with her lover, Ji-hoon. Min-yeong knows and tries to take care of Na-hee. However, Na-hee does not forget Ji-hoon, and in fact, Ji-hoon and Min-yeong, who was former partner, have a relationship with Ji-hoon, who came to Na-hee. Na-hee, who is not aware of this fact, contacts Ji-hoon again, asking for forgiveness.","81,297","11/13/2020","0","0","","",""
"Birds of Prey (and the Fantabulous Emancipation of One Harley Quinn)","Harley Quinn joins forces with a singer, an assassin and a police detective to help a young girl who had a hit placed on her after she stole a rare diamond from a crime lord.","69,143","2/5/2020","7","9537","","",""
"Soul","Joe Gardner is a middle school teacher with a love for jazz music. After a successful audition at the Half Note Club, he suddenly gets into an accident that separates his soul from his body and is transported to the You Seminar, a center in which souls develop and gain passions before being transported to a newborn child. Joe must enlist help from the other souls-in-training, like 22, a soul who has spent eons in the You Seminar, in order to get back to Earth.","77,136","12/25/2020","8.2","9312","","",""
"The SpongeBob Movie: Sponge on the Run","When his best friend Gary is suddenly snatched away, SpongeBob takes Patrick on a madcap mission far beyond Bikini Bottom to save their pink-shelled pal.","71,518","8/14/2020","7.5","2678","","",""
"Roald Dahl's The Witches","In late 1967, a young orphaned boy goes to live with his loving grandma in the rural Alabama town of Demopolis. As the boy and his grandmother encounter some deceptively glamorous but thoroughly diabolical witches, she wisely whisks him away to a seaside resort. Regrettably, they arrive at precisely the same time that the world's Grand High Witch has gathered.","65,368","10/26/2020","6.4","2540","","",""
"Wonder Woman 1984","A botched store robbery places Wonder Woman in a global battle against a powerful and mysterious ancient force that puts her powers in jeopardy.","70,999","12/16/2020","6.5","7724","","",""
"Tenet","Armed with only one word - Tenet - and fighting for the survival of the entire world, the Protagonist journeys through a twilight world of international espionage on a mission that will unfold in something beyond real time.","71,943","8/22/2020","7.2","8511","","",""
"The Conjuring: The Devil Made Me Do It","Paranormal investigators Ed and Lorraine Warren encounter what would become one of the most sensational cases from their files. The fight for the soul of a young boy takes them beyond anything they'd ever seen before, to mark the first time in U.S. history that a murder suspect would claim demonic possession as a defense.","623,267","5/25/2021","7.5","5250","","",""
"Mortal Kombat Legends: Battle of the Realms","The Earthrealm heroes must journey to the Outworld and fight for the survival of their homeland, invaded by the forces of evil warlord Shao Kahn, in the tournament to end all tournaments: the final Mortal Kombat.","368,625","8/31/2021","7.8","374","","",""
"Encanto","The tale of an extraordinary family, the Madrigals, who live hidden in the mountains of Colombia, in a magical house, in a vibrant town, in a wondrous, charmed place called an Encanto. The magic of the Encanto has blessed every child in the familyâ€”every child except one, Mirabel. But when she discovers that the magic surrounding the Encanto is in danger, Mirabel decides that she, the only ordinary Madrigal, might just be her exceptional family's last hope.","318,327","10/13/2021","7.6","8427","","",""
"Spider-Man: No Way Home","Peter Parker is unmasked and no longer able to separate his normal life from the high-stakes of being a super-hero. When he asks for help from Doctor Strange the stakes become even more dangerous, forcing him to discover what it truly means to be Spider-Man.","302,074","12/15/2021","8","17912","","",""
"PAW Patrol: The Movie","Ryder and the pups are called to Adventure City to stop Mayor Humdinger from turning the bustling metropolis into a state of chaos.","249,888","8/9/2021","7.4","1130","","",""
"After We Fell","Just as Tessa's life begins to become unglued, nothing is what she thought it would be. Not her friends nor her family. The only person that she should be able to rely on is Hardin, who is furious when he discovers the massive secret that she's been keeping. Before Tessa makes the biggest decision of her life, everything changes because of revelations about her family.","310,632","9/1/2021","7.1","2247","","",""
"The Suicide Squad","Supervillains Harley Quinn, Bloodsport, Peacemaker and a collection of nutty cons at Belle Reve prison join the super-secret, super-shady Task Force X as they are dropped off at the remote, enemy-infused island of Corto Maltese.","151,882","7/28/2021","7.6","7503","","",""
"Monster Hunter: Legends of the Guild","In a world where humans and fearsome monsters live in an uneasy balance, young hunter Aiden fights to save his village from destruction by a dragon.","120,188","8/12/2021","5.7","65","","",""
"Zack Snyder's Justice League","Determined to ensure Superman's ultimate sacrifice was not in vain, Bruce Wayne aligns forces with Diana Prince with plans to recruit a team of metahumans to protect the world from an approaching threat of catastrophic proportions.","140,882","3/18/2021","8.2","9042","","",""
"Sing 2","Buster and his new cast now have their sights set on debuting a new show at the Crystal Tower Theater in glamorous Redshore City. But with no connections, he and his singers must sneak into the Crystal Entertainment offices, run by the ruthless wolf mogul Jimmy Crystal, where the gang pitches the ridiculous idea of casting the lion rock legend Clay Calloway in their show. Buster must embark on a quest to find the now-isolated Clay and persuade him to return to the stage.","145,163","12/1/2021","7.9","3819","","",""
"Bad Luck Banging or Loony Porn","Emi, a school teacher, finds her career and reputation under threat after a personal sex tape is leaked on the Internet. Forced to meet the parents demanding her dismissal, Emi refuses to surrender to their pressure.","162,821","4/29/2021","6.5","175","","",""
"Miraculous World: Shanghai â€“ The Legend of Ladydragon","On school break, Marinette heads to Shanghai to meet Adrien. But after arriving, Marinette loses all her stuff, including the Miraculous that allows her to turn into Ladybug!","150,293","5/15/2021","7.9","554","","",""
"Venom: Let There Be Carnage","After finding a host body in investigative reporter Eddie Brock, the alien symbiote must face a new enemy, Carnage, the alter ego of serial killer Cletus Kasady.","128,853","9/30/2021","6.8","8996","","",""
"Jujutsu Kaisen 0","Yuta Okkotsu is a nervous high school student who is suffering from a serious problemâ€”his childhood friend Rika has turned into a curse and won't leave him alone. Since Rika is no ordinary curse, his plight is noticed by Satoru Gojo, a teacher at Jujutsu High, a school where fledgling exorcists learn how to combat curses. Gojo convinces Yuta to enroll, but can he learn enough in time to confront the curse that haunts him?","109,028","12/24/2021","8.2","987","","",""
"Shang-Chi and the Legend of the Ten Rings","Shang-Chi must confront the past he thought he left behind when he is drawn into the web of the mysterious Ten Rings organization.","111,015","9/1/2021","7.6","8276","","",""
"Cruella","In 1970s London amidst the punk rock revolution, a young grifter named Estella is determined to make a name for herself with her designs. She befriends a pair of young thieves who appreciate her appetite for mischief, and together they are able to build a life for themselves on the London streets. One day, Estellaâ€™s flair for fashion catches the eye of the Baroness von Hellman, a fashion legend who is devastatingly chic and terrifyingly haute. But their relationship sets in motion a course of events and revelations that will cause Estella to embrace her wicked side and become the raucous, fashionable and revenge-bent Cruella.","115,644","5/26/2021","8.1","8356","","",""
"Legend Quest: The Origin","When a human baby crosses the Eternal Mirror, the portal between the living and the death opens its path to the beings from the underworld.","97,204","2/15/2021","8.2","218","","",""
"Resident Evil: Welcome to Raccoon City","Once the booming home of pharmaceutical giant Umbrella Corporation, Raccoon City is now a dying Midwestern town. The companyâ€™s exodus left the city a wastelandâ€¦with great evil brewing below the surface. When that evil is unleashed, the townspeople are foreverâ€¦changedâ€¦and a small group of survivors must work together to uncover the truth behind Umbrella and make it through the night.","100,098","11/24/2021","6","2112","","",""
"Dune","Paul Atreides, a brilliant and gifted young man born into a great destiny beyond his understanding, must travel to the most dangerous planet in the universe to ensure the future of his family and his people. As malevolent forces explode into conflict over the planet's exclusive supply of the most precious resource in existence-a commodity capable of unlocking humanity's greatest potential-only those who can conquer their fear will survive.","103,231","9/15/2021","7.8","9169","","",""
"The Boss Baby: Family Business","The Templeton brothers â€” Tim and his Boss Baby little bro Ted â€” have become adults and drifted away from each other. But a new boss baby with a cutting-edge approach and a can-do attitude is about to bring them together again â€¦ and inspire a new family business.","102.1","7/1/2021","7.5","2228","","",""
"Bad City","Kensuke Sonomura directs the legendary Hitoshi Ozawa in this ultimate V-Cinema actioner.  Kaiko City is plagued with poverty and crime. When a corrupt businessman decides to run for mayor and starts eliminating opponents from the rival mafia, a former police captain serving time for murder is secretly released and put in charge of a special task force to arrest him.","576,335","7/5/2022","6.5","10","","",""
"One Piece Film Red","Uta â€” the most beloved singer in the world. Her voice, which she sings with while concealing her true identity, has been described as â€œotherworldly.â€ She will appear in public for the first time at a live concert. As the venue fills with all kinds of Uta fans â€” excited pirates, the Navy watching closely, and the Straw Hats led by Luffy who simply came to enjoy her sonorous performance â€” the voice that the whole world has been waiting for is about to resound.","725,297","8/6/2022","7.4","591","","",""
"Fresh","Frustrated by scrolling dating apps only to end up on lame, tedious dates, Noa takes a chance by giving her number to the awkwardly charming Steve after a produce-section meet-cute at the grocery store.","784,952","3/3/2022","7","1182","","",""
"Avatar: The Way of Water","Set more than a decade after the events of the first film, learn the story of the Sully family (Jake, Neytiri, and their kids), the trouble that follows them, the lengths they go to keep each other safe, the battles they fight to stay alive, and the tragedies they endure.","596.15","12/14/2022","7.7","9307","","",""
"Shadow Master","After being slain by a group of criminals, a man is reborn with animal-like superpowers and makes it his mission to right the wrongs of his city.","455,581","11/3/2022","6.8","67","","",""
"Puss in Boots: The Last Wish","Puss in Boots discovers that his passion for adventure has taken its toll: He has burned through eight of his nine lives, leaving him with only one life left. Puss sets out on an epic journey to find the mythical Last Wish and restore his nine lives.","444,115","12/7/2022","8.3","6036","","",""
"Detective vs. Sleuths","When Hong Kong is rocked by multiple gruesome murders, the police forms a task force to investigate. Jun, once a brilliant detective who suffered a mental breakdown, begins his own investigation. Eventually, the police learn that the murder victims are all suspects of cold cases being rubbed out by a figure known as ""The Sleuth"". Now, Jun and a detective from the task force are on a race against time to beat the brutal killer at its own game.","273,796","7/8/2022","6.6","35","","",""
"Bed Rest","A pregnant woman on bed rest begins to wonder if her house is haunted or if it's all in her head.","313.8","12/8/2022","6.6","117","","",""
"Eradication","When an unknown disease wipes out most of the worldâ€™s population, a man with unique blood is isolated for study. Fearing for his wifeâ€™s safety, he breaks his quarantine â€“ into a world overrun by monstrous Infected and a shadowy agency hunting them down.","297,354","7/15/2022","6.3","58","","",""
"Black Panther: Wakanda Forever","Queen Ramonda, Shuri, Mâ€™Baku, Okoye and the Dora Milaje fight to protect their nation from intervening world powers in the wake of King Tâ€™Challaâ€™s death.  As the Wakandans strive to embrace their next chapter, the heroes must band together with the help of War Dog Nakia and Everett Ross and forge a new path for the kingdom of Wakanda.","261,724","11/9/2022","7.2","5218","","",""
"After Ever Happy","As a shocking truth about a couple's families emerges, the two lovers discover they are not so different from each other. Tessa is no longer the sweet, simple, good girl she was when she met Hardin â€” any more than he is the cruel, moody boy she fell so hard for.","374,785","8/24/2022","6.8","891","","",""
"Black Adam","Nearly 5,000 years after he was bestowed with the almighty powers of the Egyptian godsâ€”and imprisoned just as quicklyâ€”Black Adam is freed from his earthly tomb, ready to unleash his unique form of justice on the modern world.","252,017","10/19/2022","7","5252","","",""
"M3GAN","A brilliant toy company roboticist uses artificial intelligence to develop M3GAN, a life-like doll programmed to emotionally bond with her newly orphaned niece. But when the doll's programming works too well, she becomes overprotective of her new friend with terrifying results.","227,719","12/28/2022","7.3","2940","","",""
"Accident Man: Hitman's Holiday","The Accident Man is back, and this time he must best the top assassins in the world to protect the ungrateful son of a mafia boss, save the life of his only friend and rekindle his relationship with his maniacal father figure.","209,521","10/14/2022","6.5","105","","",""
"Don't Blame Karma!","The travails of Sara, a frustrated fashion designer who blames karma for her bad luck. Fate will put her face to face with her sister, Lucy, who enjoys very different luck, and in a series of events and reunions that will lead her to make a radical decision.","193,622","8/3/2022","6.9","168","","",""
"Operation Seawolf","During the last days of World War II, Germany, desperate for any last grasp to defeat the allied powers, looked to their last remaining weapons and soldiers. The German Navy and the last remaining U-Boats were formed together for one desperate last mission â€“ a mission to attack the United States Homeland, known as Operation Seawolf. Captain Hans Kessler, a grizzled submarine commander from both World Wars, is called into service to make one mission a success and help turn the tide of the war.","180,783","10/7/2022","6","71","","",""
"Project Wolf Hunting","While under heavily armed guard, the dangerous convicts aboard a cargo ship unite in a coordinated escape attempt that soon escalates into a bloody, all-out riot. But as the fugitives continue their brutal campaign of terror, they soon discover that not even the most vicious among them is safe from the horror they unknowingly unleashed from the darkness below deck.","204,786","9/21/2022","6.4","202","","",""
"Suzume","Suzume, 17, lost her mother as a little girl. On her way to school, she meets a mysterious young man. But her curiosity unleashes a calamity that endangers the entire population of Japan, and so Suzume embarks on a journey to set things right.","218,169","11/11/2022","7.9","539","","",""
"Sword Art Online the Movie -Progressive- Scherzo of Deep Night","Over a month has passed since 10,000 users were trapped inside the ""Sword Art Online"" world. Asuna, who cleared the first floor of the floating iron castle of Aincrad, joined up with Kirito and continued her journey to reach the top floor. With the support of female Information Broker Argo, clearing the floors seemed to be progressing smoothly, but conflict erupts between two major guilds who should be working together â€“ the top player groups ALS (the Aincrad Liberation Squad) and DKB (the Dragon Knights Brigade). And meanwhile, behind the scenes exists a mysterious figure pulling the stringsâ€¦","208,581","10/22/2022","7.7","108","","",""
"The Batman","In his second year of fighting crime, Batman uncovers corruption in Gotham City that connects to his own family while facing a serial killer known as the Riddler.","199,949","3/1/2022","7.7","8264","","",""
"The Flash","When his attempt to save his family inadvertently alters the future, Barry Allen becomes trapped in a reality in which General Zod has returned and there are no Super Heroes to turn to. In order to save the world that he is in and return to the future that he knows, Barry's only hope is to race for his life. But will making the ultimate sacrifice be enough to reset the universe?","4,631,142","6/13/2023","6.9","1773","","",""
"Barbie","Barbie and Ken are having the time of their lives in the colorful and seemingly perfect world of Barbie Land. However, when they get a chance to go to the real world, they soon discover the joys and perils of living among humans.","4,493,487","7/19/2023","7.6","1621","","",""
"The Little Mermaid","The youngest of King Tritonâ€™s daughters, and the most defiant, Ariel longs to find out more about the world beyond the sea, and while visiting the surface, falls for the dashing Prince Eric. With mermaids forbidden to interact with humans, Ariel makes a deal with the evil sea witch, Ursula, which gives her a chance to experience life on land, but ultimately places her life â€“ and her fatherâ€™s crown â€“ in jeopardy.","4,075,869","5/18/2023","6.4","1182","","",""
"Transformers: Rise of the Beasts","When a new threat capable of destroying the entire planet emerges, Optimus Prime and the Autobots must team up with a powerful faction known as the Maximals. With the fate of humanity hanging in the balance, humans Noah and Elena will do whatever it takes to help the Transformers as they engage in the ultimate battle to save Earth.","4,090,661","6/6/2023","7.5","2065","","",""
"Ruby Gillman, Teenage Kraken","Ruby Gillman, a sweet and awkward high school student, discovers she's a direct descendant of the warrior kraken queens. The kraken are sworn to protect the oceans of the world against the vain, power-hungry mermaids. Destined to inherit the throne from her commanding grandmother, Ruby must use her newfound powers to protect those she loves most.","2,164,714","6/28/2023","7.8","308","","",""
"Resident Evil: Death Island","In San Francisco, Jill Valentine is dealing with a zombie outbreak and a new T-Virus, Leon Kennedy is on the trail of a kidnapped DARPA scientist, and Claire Redfield is investigating a monstrous fish that is killing whales in the bay. Joined by Chris Redfield and Rebecca Chambers, they discover the trail of clues from their separate cases all converge on the same location, Alcatraz Island, where a new evil has taken residence and awaits their arrival.","3,126,169","6/22/2023","7.9","236","","",""
"Guardians of the Galaxy Vol. 3","Peter Quill, still reeling from the loss of Gamora, must rally his team around him to defend the universe along with protecting one of their own. A mission that, if not completed successfully, could quite possibly lead to the end of the Guardians as we know them.","2,050,089","5/3/2023","8.1","3583","","",""
"Warhorse One","A gunned down Navy SEAL Master Chief must guide a child to safety through a gauntlet of hostile Taliban insurgents and survive the brutal Afghanistan wilderness.","1,614,622","6/30/2023","7.2","82","","",""
"Mavka: The Forest Song","Mavka â€” a Soul of the Forest and its Warden â€” faces an impossible choice between love and her duty as guardian to the Heart of the Forest, when she falls in love with a human â€” the talented young musician Lukas.","1,657,228","3/2/2023","7.5","169","","",""
"Fast X","Over many missions and against impossible odds, Dom Toretto and his family have outsmarted, out-nerved and outdriven every foe in their path. Now, they confront the most lethal opponent they've ever faced: A terrifying threat emerging from the shadows of the past who's fueled by blood revenge, and who is determined to shatter this family and destroy everythingâ€”and everyoneâ€”that Dom loves, forever.","1,701,572","5/17/2023","7.3","3008","","",""
"Oppenheimer","The story of J. Robert Oppenheimerâ€™s role in the development of the atomic bomb during World War II.","1,155,971","7/19/2023","8.4","999","","",""
"Knights of the Zodiac","When a headstrong street orphan, Seiya, in search of his abducted sister unwittingly taps into hidden powers, he discovers he might be the only person alive who can protect a reincarnated goddess, sent to watch over humanity. Can he let his past go and embrace his destiny to become a Knight of the Zodiac?","1,128,403","4/27/2023","6.6","656","","",""
"Sound of Freedom","The story of Tim Ballard, a former US government agent, who quits his job in order to devote his life to rescuing children from global sex traffickers.","1,131,431","7/3/2023","8","240","","",""
"Elemental","In a city where fire, water, land and air residents live together, a fiery young woman and a go-with-the-flow guy will discover something elemental: how much they have in common.","1,075,329","6/14/2023","7.6","650","","",""
"The Super Mario Bros. Movie","While working underground to fix a water main, Brooklyn plumbersâ€”and brothersâ€”Mario and Luigi are transported down a mysterious pipe and wander into a magical new world. But when the brothers are separated, Mario embarks on an epic quest to find Luigi.","1,119,076","4/5/2023","7.8","5941","","",""
"Spider-Man: Across the Spider-Verse","After reuniting with Gwen Stacy, Brooklynâ€™s full-time, friendly neighborhood Spider-Man is catapulted across the Multiverse, where he encounters the Spider Society, a team of Spider-People charged with protecting the Multiverseâ€™s very existence. But when the heroes clash on how to handle a new threat, Miles finds himself pitted against the other Spiders and must set out on his own to save those he loves most.","1,058,671","5/31/2023","8.5","2541","","",""
"Mr. Car and the Knights Templar","A well-known art historian, treasure hunter and owner of an unusual car stumbles upon a Templar treasure, which is the key to a great power that can upset the balance of good and evil in the world. Supported by friendly scouts, Mr. Car starts a big race against time and a hostile organization, the stake of which is the heritage of knightly orders.","812,459","7/12/2023","6","59","","",""
"John Wick: Chapter 4","With the price on his head ever increasing, John Wick uncovers a path to defeating The High Table. But before he can earn his freedom, Wick must face off against a new enemy with powerful alliances across the globe and forces that turn old friends into foes.","1051.36","3/22/2023","7.8","3960","","",""
"God Is a Bullet","Based on true events and the novel of the same name. Vice detective Bob Hightower finds his ex-wife murdered and daughter kidnapped by a cult. Frustrated by the botched official investigations, he quits the force and infiltrates the cult to hunt down the leader with the help of the cultâ€™s only female victim escapee, Case Hardin.","749,107","6/22/2023","6.3","50","","",""
"Sheroes","When four thick-as-thieves friends arrive in Thailand, they quickly find themselves in over their heads. Fighting to stay alive, they employ their unique set of skills and unleash their fierce loyalty in a heart-pumping battle for survival.","562,299","6/23/2023","6.4","88","","",""
